user_project_id,criteria_name,grade,feedback
223778,Evidências das atividades realizadas,2.5,"As imagens fornecidas nas evidências visuais apresentam uma boa tentativa de demonstrar o desenvolvimento e a execução das atividades de extensão relacionadas à capacitação em programação Python. No entanto, há algumas inconsistências e limitações que justificam a nota atribuída. 

A Imagem 1, que mostra uma sala de aula moderna com um grupo de pessoas assistindo a uma apresentação em um projetor, é consistente com a realização de um workshop de programação, possivelmente em Python, como descrito no projeto. Esta imagem está alinhada com o objetivo de capacitar jovens em programação, conforme mencionado no resumo do documento. 

A Imagem 2, que retrata três jovens apresentando um projeto em uma sala de aula, não fornece evidências claras de que a apresentação seja relacionada a Python ou programação, mas sim a um projeto escolar genérico. Isso não está totalmente alinhado com o foco específico do projeto em Python, conforme descrito no resumo do documento. 

A Imagem 3, que mostra um jovem usando um laptop com um programa de blocos de código na tela, sugere uma atividade de programação visual, mas não especificamente em Python. Isso pode indicar uma introdução a conceitos de programação, mas não atende completamente ao critério de evidenciar atividades específicas de Python. 

As Imagens 4 e 5, que mostram jovens em um laboratório de informática e um instrutor orientando-os, são fortes evidências de atividades práticas de ensino, alinhadas com os objetivos do projeto. No entanto, a descrição das imagens não especifica claramente a relação direta com Python, o que seria essencial para atender completamente ao critério atual. 

Portanto, embora as imagens 1, 4 e 5 sirvam como evidência de atividades práticas de ensino de programação, a falta de especificidade em relação ao Python e a inconsistência na descrição das atividades em algumas imagens resultam em uma nota parcial. Para uma nota máxima, seria necessário que todas as imagens fossem claramente relacionadas ao ensino de Python, conforme os objetivos do projeto."
223778,O que se pretende atingir com a implementação da atividade extensionista,1.0,"A seção avaliada apresenta de forma clara e objetiva os resultados esperados com a implementação da atividade extensionista. O texto descreve especificamente as mudanças e melhorias que a atividade pretende promover, alinhando-se bem com as necessidades identificadas na comunidade. A capacitação em Python é destacada como um meio de aumentar a empregabilidade dos jovens, o que é um benefício econômico significativo. Além disso, a promoção da inclusão digital é abordada, oferecendo acesso ao conhecimento em programação para populações historicamente desfavorecidas, o que é um benefício social importante. A estimulação do pensamento lógico e da resolução de problemas é mencionada como uma competência essencial, tanto no âmbito profissional quanto pessoal, o que reforça o impacto educacional da atividade. As metas são realistas e mensuráveis, como evidenciado pela expectativa de que os participantes desenvolvam scripts básicos em Python e compreendam conceitos fundamentais de programação. O uso de verbos no infinitivo, como 'desenvolver', 'promover' e 'estimular', está em conformidade com as diretrizes do critério, demonstrando claramente as intenções do projeto. Portanto, a seção atende completamente ao critério atual."
223778,"Relevância acadêmica e social, assim como os resultados esperados",1.0,"A seção avaliada apresenta de forma clara e objetiva a relevância acadêmica e social da atividade de extensão, bem como os resultados esperados. A relevância acadêmica é bem destacada ao mencionar que a atividade permite a aplicação prática dos conhecimentos adquiridos no curso de Engenharia de Computação, especialmente nas disciplinas de programação e desenvolvimento de software. Além disso, enfatiza-se que os estudantes envolvidos terão a oportunidade de aprimorar habilidades pedagógicas, comunicação e liderança, que são essenciais para a formação profissional. 

No aspecto social, a seção aborda a importância da iniciativa ao atender à demanda por inclusão digital em comunidades carentes, oferecendo oportunidades de aprendizado que podem transformar a realidade socioeconômica dos participantes. A capacitação de jovens em programação é apresentada como uma contribuição significativa para a redução da desigualdade de acesso ao conhecimento tecnológico. 

Os resultados esperados são descritos de maneira específica e mensurável, como a capacitação de 50 jovens em conceitos básicos de programação Python e o desenvolvimento de projetos práticos, como aplicativos simples ou automações. Além disso, menciona-se o aumento da autoestima e motivação dos jovens, incentivando a continuidade dos estudos na área de tecnologia, e o fortalecimento dos laços entre a universidade e a comunidade, promovendo futuras parcerias e projetos colaborativos. 

A seção atende completamente ao critério atual, apresentando uma conexão direta entre a atividade, a teoria estudada e a aplicação prática, além de evidenciar a relevância da atividade para ambas as partes: o estudante e a comunidade envolvida."
223778,Requisitos técnicos mínimos que o estudante deve ter para realizar a atividade de extensão,0.5,"A seção apresenta de forma clara e detalhada os requisitos técnicos mínimos necessários para a realização da atividade de extensão, atendendo completamente ao critério atual. As competências técnicas são bem especificadas, incluindo o domínio da linguagem de programação Python e o conhecimento em metodologias de ensino, o que é essencial para transmitir conceitos de programação de forma acessível. A menção ao uso de ferramentas de desenvolvimento, como editores de código e IDEs, demonstra uma compreensão adequada das necessidades técnicas para a atividade. 

As habilidades práticas são abordadas com precisão, destacando a experiência em conduzir workshops ou aulas práticas, além da capacidade de comunicação clara e eficaz, que é crucial para adaptar a linguagem ao nível de compreensão dos participantes. A inclusão de paciência e empatia como habilidades necessárias para lidar com as dificuldades individuais dos alunos mostra uma preocupação com o ambiente de aprendizado e a experiência dos participantes.

Os recursos materiais são listados de maneira completa, mencionando o acesso a computadores com ambiente de desenvolvimento Python instalado, materiais didáticos como apostilas e slides, e o uso de projetor multimídia para apresentações. Esses recursos são fundamentais para a execução eficaz das atividades planejadas.

Por fim, a seção aborda outros requisitos importantes, como a autorização para uso do espaço onde as aulas serão ministradas e o conhecimento básico em primeiros socorros, garantindo a segurança durante as atividades. A descrição é específica e realista, assegurando que os requisitos necessários para a atividade de extensão sejam atendidos, o que justifica a nota máxima para esta seção."
223778,Atividades a serem desenvolvidas e os procedimentos a serem adotados para a execução,1.5,"A seção apresenta um plano claro e estruturado das atividades a serem realizadas para atingir os objetivos da atividade de extensão, atendendo completamente ao critério atual. As atividades são especificadas de forma clara, começando com o 'Planejamento e Preparação', que inclui o desenvolvimento do conteúdo programático do curso, abrangendo tópicos como introdução à programação, sintaxe básica do Python, estruturas de controle, funções e manipulação de dados. A preparação de materiais didáticos, como slides e exercícios práticos, e a seleção do ambiente físico para as aulas são detalhadas, garantindo a disponibilidade de equipamentos e recursos necessários. 

A 'Divulgação e Inscrição' é abordada com a estratégia de divulgação nas comunidades-alvo por meio de cartazes, redes sociais e parcerias com organizações locais, além de um processo de inscrição que prioriza jovens entre 15 e 25 anos interessados em tecnologia. 

A 'Execução das Aulas' é descrita com a condução de aulas teóricas e práticas, utilizando metodologias ativas de ensino para engajar os participantes, e a aplicação de exercícios práticos e projetos que permitem a aplicação dos conceitos aprendidos. O suporte individualizado é oferecido para auxiliar na superação de dificuldades específicas, mostrando um cuidado com o aprendizado dos participantes. 

Por fim, a 'Avaliação e Encerramento' inclui a aplicação de avaliações para medir o aprendizado e a evolução dos participantes, a organização de um evento de encerramento para apresentação dos projetos desenvolvidos, e a entrega de certificados de participação e desempenho. 

O plano apresentado demonstra organização e clareza na execução da atividade de extensão, facilitando o entendimento de como os objetivos serão alcançados e como a comunidade estará envolvida em cada etapa."
223778,Características do público-alvo que será impactado na extensão,0.5,"A descrição das características do público-alvo está bem detalhada e atende completamente ao critério atual. O perfil socioeconômico é claramente delineado, mencionando que os jovens são residentes de comunidades carentes com renda familiar média de até dois salários mínimos, o que indica uma compreensão das condições de moradia e acesso a serviços básicos. A escolaridade e o nível educacional são abordados ao identificar que os participantes são estudantes do ensino médio ou recém-formados, com conhecimentos básicos em informática e pouca ou nenhuma experiência prévia em programação. A faixa etária é especificada como entre 15 e 25 anos, o que é relevante para o planejamento das atividades. A diversidade de gênero é reconhecida, com um esforço explícito para incentivar a participação feminina, o que é importante para reduzir a desigualdade de gênero na área tecnológica. O contexto cultural e social é descrito com a menção de um forte senso de coletividade nas comunidades, além dos desafios enfrentados, como violência urbana e falta de oportunidades de emprego formal. As necessidades específicas ou vulnerabilidades são abordadas ao destacar a necessidade de capacitação profissional que possibilite melhores oportunidades, o que está alinhado com os objetivos do projeto. A descrição é respeitosa e evita estereótipos, fornecendo uma compreensão clara do público-alvo e justificando a importância da atividade de extensão para eles."
223778,Cronograma,0.5,"O cronograma apresentado está bem estruturado e atende completamente ao critério atual, que exige a elaboração de um cronograma detalhado das atividades planejadas para a execução da atividade de extensão. As atividades estão listadas em ordem cronológica, com uma descrição clara de cada etapa e a carga horária estimada para cada uma delas. Por exemplo, a 'Planejamento e Preparação' é alocada na primeira semana com uma carga de 10 horas, enquanto a 'Divulgação e Inscrição' ocorre na segunda semana com 5 horas. As aulas são distribuídas de forma lógica, começando com 'Introdução ao Python' na terceira semana e progredindo até 'Aplicação Final' na quinta semana. O cronograma também inclui marcos importantes, como a 'Avaliação e Feedback' e o 'Evento de Encerramento', que são essenciais para medir o sucesso do projeto e celebrar as conquistas dos participantes. A carga horária total de 43 horas está claramente calculada e apresentada ao final, o que facilita a compreensão e demonstra compatibilidade com o calendário acadêmico e a disponibilidade dos envolvidos. O formato utilizado é claro e de fácil compreensão, cumprindo todas as orientações do critério."
217686,Evidências das atividades realizadas,5.0,"A imagem anexada como evidência do projeto 'Brincando de Atletismo' atende completamente ao critério atual de incluir evidências em formato de imagens que comprovem o desenvolvimento e a execução das atividades de extensão propostas. A descrição da imagem é clara e detalhada, mostrando crianças participando de atividades ao ar livre, o que está alinhado com o público-alvo do projeto. A atividade de corrida ou circuito com cones coloridos é uma representação visual eficaz da integração de brincadeiras com o ensino de atletismo, conforme os objetivos do projeto. Além disso, o ambiente escolar ou comunitário onde a atividade ocorre está de acordo com os locais mencionados no projeto, reforçando a relevância social e acadêmica da iniciativa. A imagem também sugere a adaptação das atividades para diferentes faixas etárias, mesmo que não explicitamente, o que está em consonância com o planejamento descrito no projeto. A qualidade da descrição da imagem e sua relevância para o projeto demonstram de forma concreta o engajamento e a participação da comunidade, enriquecendo o relatório e evidenciando o impacto positivo gerado pela atividade de extensão."
217686,O que se pretende atingir com a implementação da atividade extensionista,0.5,"A seção apresenta uma descrição geral do objetivo do projeto, que é integrar brincadeiras com o ensino de atletismo, promovendo a aprendizagem e valorização do esporte na comunidade. No entanto, a descrição dos resultados esperados carece de especificidade e mensurabilidade. Embora mencione a intenção de estimular a troca de conhecimentos e valorizar o atletismo, não há metas claras ou mensuráveis estabelecidas, como seria esperado. Por exemplo, não são especificados quantos participantes se espera impactar ou quais melhorias específicas se pretende alcançar na comunidade. Além disso, a seção poderia se beneficiar de uma descrição mais detalhada dos benefícios sociais, educacionais ou culturais que a atividade trará, alinhando-se mais claramente com as necessidades identificadas na comunidade. A inclusão de verbos no infinitivo para expressar intenções, como 'promover' ou 'melhorar', está presente, mas a falta de metas concretas e avaliáveis limita a clareza e objetividade da seção."
217686,"Relevância acadêmica e social, assim como os resultados esperados",1.0,"O conteúdo apresentado destaca de forma clara e objetiva a importância da atividade de extensão tanto no âmbito acadêmico quanto no social. A seção explica como a atividade proposta contribui para a formação acadêmica, ao integrar brincadeiras com o ensino de atletismo, o que está alinhado com os conteúdos teóricos e práticos do curso. A relevância social é evidenciada ao mostrar como a atividade atende às necessidades da comunidade, aproximando crianças e adolescentes de um esporte que pode parecer distante, mas que é fundamental para o desenvolvimento físico e social. A descrição dos resultados esperados é coerente, ao afirmar que os participantes terão uma melhor compreensão do atletismo, o que pode melhorar sua qualidade de vida e promover um processo educativo prazeroso e de qualidade. A conexão entre a teoria estudada e a aplicação prática é bem estabelecida, e a linguagem utilizada é clara e objetiva, cumprindo todos os requisitos do critério atual."
217686,Requisitos técnicos mínimos que o estudante deve ter para realizar a atividade de extensão,0.0,"A seção avaliada não atende ao critério atual, pois não fornece uma descrição detalhada dos conhecimentos, habilidades e recursos técnicos mínimos necessários para a realização da atividade de extensão. A única informação apresentada é que 'não são necessários conhecimentos prévios', o que é insuficiente para cumprir o critério. Esperava-se uma lista específica e realista de competências técnicas, habilidades práticas, recursos materiais e outros requisitos essenciais, como exemplificado no critério. A ausência de detalhes sobre as competências e recursos necessários impede a avaliação da preparação e adequação para a execução da atividade, comprometendo a clareza e a organização do planejamento."
217686,Atividades a serem desenvolvidas e os procedimentos a serem adotados para a execução,0.75,"A seção apresenta uma descrição inicial das atividades a serem desenvolvidas, mas carece de detalhes mais específicos sobre os procedimentos e metodologias que serão adotados em cada etapa. O texto menciona a realização de um levantamento para traçar o perfil do público e entender suas áreas de interesse, o que é um bom ponto de partida. No entanto, falta uma explicação clara sobre como essas informações serão utilizadas para elaborar atividades apropriadas para cada faixa etária. Além disso, não há uma descrição detalhada dos recursos necessários, como materiais ou apoio humano, nem um cronograma ou sequência lógica das ações a serem realizadas. A menção à limitação de horas diárias é relevante, mas poderia ser melhor integrada em um planejamento mais estruturado. Para atender completamente ao critério, seria necessário especificar cada atividade de forma clara, indicar os procedimentos e metodologias a serem adotados, e estabelecer um cronograma detalhado que enfatize a interação com a comunidade."
217686,Características do público-alvo que será impactado na extensão,0.0,"A seção que descreve as características do público-alvo que será impactado pela atividade de extensão é extremamente vaga e insuficiente. A única informação fornecida é que o público-alvo são 'crianças', o que não atende aos requisitos de detalhamento esperados. Não há menção ao perfil socioeconômico, escolaridade, faixa etária específica, gênero, contexto cultural e social, ou necessidades específicas e vulnerabilidades das crianças que participarão do projeto. Sem essas informações, é impossível compreender quem é o público-alvo e por que a atividade de extensão é importante para eles. A falta de detalhes impede a adaptação das estratégias de acordo com as particularidades do grupo, o que é essencial para o planejamento e execução eficazes da atividade. Recomenda-se realizar um levantamento mais aprofundado, utilizando dados obtidos por meio de visitas, entrevistas ou questionários, para fornecer uma descrição completa e respeitosa do público-alvo, evitando estereótipos e generalizações."
217686,Cronograma,0.25,"O cronograma apresentado para a execução da atividade de extensão 'Brincando de Atletismo' está parcialmente adequado. Ele lista as atividades em ordem cronológica e indica a carga horária para cada etapa, totalizando 20 horas, o que está em conformidade com o critério de somar as horas de todas as atividades. No entanto, há algumas inconsistências e áreas que poderiam ser melhoradas para atender completamente ao critério. 

Primeiramente, a descrição das atividades e a carga horária não estão totalmente alinhadas. Por exemplo, o levantamento inicial é descrito como tendo 1 hora, mas na tabela é indicado como 2 horas. A preparação é listada como 1 hora na descrição, mas 8 horas na tabela. Essas discrepâncias podem causar confusão e dificultar o planejamento e a execução do projeto. 

Além disso, o cronograma carece de detalhes sobre marcos importantes, como reuniões, eventos ou entregas de materiais, que são essenciais para um planejamento eficaz. A inclusão desses elementos ajudaria a garantir que o cronograma seja compatível com o calendário acadêmico e a disponibilidade dos envolvidos. 

Por fim, o formato do cronograma poderia ser mais claro e de fácil compreensão. A apresentação em forma de tabela é uma boa escolha, mas a organização das informações poderia ser melhorada para facilitar a leitura e o entendimento. 

Em resumo, o cronograma atende parcialmente ao critério atual, mas poderia ser aprimorado com ajustes nas descrições das atividades, correção das discrepâncias de carga horária e inclusão de marcos importantes."
217846,Evidências das atividades realizadas,5.0,"As imagens anexadas fornecem uma documentação abrangente e detalhada das atividades realizadas no projeto 'Caixas Literárias'. A primeira imagem mostra uma pessoa interagindo com uma estante em um espaço público, o que está alinhado com o objetivo do projeto de promover a leitura em locais acessíveis. A segunda imagem, que exibe uma estante de madeira com livros organizados e um cartaz do projeto, evidencia a execução das atividades de coleta de material e registro de livros, conforme descrito no projeto. A terceira imagem, com duas pessoas cercadas por livros e uma delas escrevendo, sugere a catalogação e etiquetagem dos livros, uma etapa crucial do projeto. A quarta imagem, mostrando estantes vazias, indica a coleta e personalização das caixas de madeira, enquanto a quinta imagem, de uma pessoa pintando caixas, demonstra a personalização das estantes. Todas as imagens são relevantes e bem contextualizadas dentro do projeto, demonstrando claramente o desenvolvimento e a execução das atividades de extensão propostas. A organização lógica e cronológica das imagens facilita a compreensão do processo e destaca o engajamento e a participação da comunidade, cumprindo plenamente o critério atual."
217846,O que se pretende atingir com a implementação da atividade extensionista,1.0,"O projeto 'Caixas Literárias' está claramente alinhado com os objetivos de promover a leitura em espaços públicos, tornando-a um hábito comum. A descrição dos resultados esperados é clara e objetiva, utilizando verbos no infinitivo como 'estimular', 'proporcionar', 'criar', 'estimular' e 'disponibilizar', o que está em conformidade com o critério atual. O projeto visa estimular a prática da leitura, proporcionar acesso a livros em locais públicos, criar novas formas de interação com obras literárias, e fomentar o gosto pela leitura como uma prática cultural e social. Além disso, o projeto busca disponibilizar o acesso às obras para todos os públicos, o que demonstra um impacto social significativo. A menção ao conflito entre o impresso e o digital e a proposta de estimular a leitura em ambientes diferenciados mostram uma compreensão das necessidades contemporâneas e a relevância do projeto. A mediação pelos acadêmicos da UNIASSELVI reforça o compromisso com a comunidade e a formação acadêmica. A citação de autores como Petit (2009) e Carvalho (2012) para evidenciar o impacto positivo do projeto também contribui para a clareza e a fundamentação dos objetivos. Portanto, a seção atende completamente ao critério atual, apresentando metas específicas, realistas e mensuráveis, alinhadas com as necessidades da comunidade."
217846,"Relevância acadêmica e social, assim como os resultados esperados",0.5,"O texto apresentado discute a importância da leitura como uma prática social e sua contribuição para a formação sensível e crítica do indivíduo. A citação de autores como Petit e Martins reforça a ideia de que a leitura é uma arte que se transmite e uma conquista de autonomia, ampliando os horizontes do leitor. No entanto, a seção carece de uma conexão mais direta com a relevância acadêmica e social do projeto 'Caixas Literárias'. Embora a justificativa para a criação do projeto seja mencionada, faltam detalhes sobre como a atividade de extensão se relaciona com a formação acadêmica dos participantes e o impacto social esperado. A seção poderia ser aprimorada ao descrever como o projeto contribui para a formação acadêmica dos estudantes da UNIASSELVI, por exemplo, através do desenvolvimento de habilidades práticas e teóricas relacionadas ao curso. Além disso, seria importante destacar os resultados esperados, como o aumento do acesso à leitura e o fortalecimento dos laços entre a universidade e a comunidade. A inclusão de exemplos concretos de benefícios para os participantes e melhorias na qualidade de vida ou no ambiente social também enriqueceria a seção."
217846,Requisitos técnicos mínimos que o estudante deve ter para realizar a atividade de extensão,0.0,"A seção avaliada não atende ao critério atual, pois não apresenta uma descrição detalhada dos conhecimentos, habilidades e recursos técnicos mínimos necessários para a realização da atividade de extensão. A afirmação de que 'não são necessários conhecimentos prévios' é insuficiente e não fornece informações específicas sobre as competências técnicas, habilidades práticas, recursos materiais ou outros requisitos que possam ser necessários para a execução eficaz do projeto. Para atender ao critério, seria esperado que a seção incluísse uma lista clara e realista dos requisitos, como competências técnicas específicas, habilidades práticas relevantes, recursos materiais necessários e quaisquer outros requisitos essenciais, conforme exemplificado no critério atual. A ausência dessas informações torna a seção inadequada e falha em fornecer a orientação necessária para a preparação e execução da atividade de extensão."
217846,Atividades a serem desenvolvidas e os procedimentos a serem adotados para a execução,1.5,"A seção apresenta um plano claro e estruturado das atividades a serem realizadas para atingir os objetivos do projeto 'Caixas Literárias'. Cada atividade é especificada de forma detalhada, começando com o 'Levantamento Inicial', onde o acadêmico deve selecionar um local adequado para a instalação da estante, considerando aspectos como movimentação e fluxo de pessoas. A etapa de 'Coleta do Material' é bem descrita, com o acadêmico buscando doações de caixas de madeira e personalizando-as para criar estantes atrativas. O 'Registro de Livros' é meticulosamente planejado, com a etiquetagem das obras e instruções claras para os usuários sobre o funcionamento da estante. A 'Distribuição e Manutenção das Caixas Literárias' inclui a instalação das estantes e o monitoramento semanal, garantindo a rotatividade e aceitação do projeto. Os procedimentos e metodologias são bem delineados, e os recursos necessários, como doações de caixas e livros, são claramente identificados. A interação com a comunidade é enfatizada, com o acadêmico incentivando doações e mantendo contato com os usuários. O cronograma é implícito, com a sequência lógica das ações bem estabelecida. No geral, a seção atende completamente ao critério atual, demonstrando organização e clareza na execução das atividades de extensão."
217846,Características do público-alvo que será impactado na extensão,0.0,"A descrição das características do público-alvo é extremamente vaga e não atende ao critério de detalhamento necessário. A única informação fornecida é que o público-alvo consiste em 'pessoas de diferentes idades e com diferentes níveis de escolarização que circulam por ambientes públicos'. Isso não oferece uma compreensão clara e específica sobre o grupo que será beneficiado pela atividade de extensão. Faltam informações cruciais como o perfil socioeconômico, escolaridade, faixa etária predominante, distribuição de gênero, contexto cultural e social, e necessidades específicas ou vulnerabilidades. Sem esses detalhes, é impossível direcionar as ações de forma eficaz ou adaptar as estratégias às particularidades do grupo. Recomenda-se realizar uma pesquisa mais aprofundada para coletar dados relevantes sobre o público-alvo, utilizando métodos como entrevistas, questionários ou visitas à comunidade, e apresentar essas informações de maneira respeitosa e sensível, evitando estereótipos e generalizações."
217846,Cronograma,0.5,"O cronograma apresentado está bem estruturado e atende completamente ao critério atual. As atividades estão listadas em ordem cronológica, começando com o levantamento inicial, seguido pela coleta de material, registro de livros, instalação e manutenção da estante, e finalizando com a elaboração do relatório final. Cada etapa possui uma descrição clara das tarefas a serem realizadas, como a definição do local para instalação das estantes e a personalização das caixas de madeira. A carga horária estimada para cada atividade está claramente indicada, totalizando 20 horas, o que demonstra um planejamento cuidadoso e compatível com a disponibilidade dos envolvidos. Além disso, o cronograma inclui marcos importantes, como a instalação e manutenção semanal das estantes, garantindo que o projeto seja executado de forma organizada e eficiente. A apresentação em formato de lista sequencial facilita a compreensão e demonstra um alinhamento com os objetivos do projeto, conforme descrito no resumo do documento. Portanto, o cronograma detalhado cumpre todos os requisitos estabelecidos e está em conformidade com as orientações fornecidas."
217832,Evidências das atividades realizadas,2.5,"A imagem anexada mostra um grupo de nove pessoas em uma sala que parece ser uma biblioteca, o que pode indicar a realização de uma atividade em grupo. No entanto, a imagem não fornece evidências claras e diretas de que as atividades específicas da oficina, como a criação de currículos e perfis no LinkedIn, foram realizadas. A descrição da imagem menciona que as pessoas estão participando de uma atividade em grupo, mas não há elementos visíveis que confirmem a execução das atividades propostas no projeto, como a elaboração de currículos ou o uso de plataformas digitais. A imagem serve como uma evidência parcial, pois sugere a realização de uma atividade em grupo em um ambiente educacional, mas não comprova diretamente o desenvolvimento das atividades de extensão conforme descrito no projeto. Para atender completamente ao critério, seria necessário incluir imagens que mostrem diretamente as atividades específicas da oficina, como participantes trabalhando em currículos ou utilizando o LinkedIn, além de uma descrição mais detalhada que contextualize a imagem dentro do projeto."
217832,O que se pretende atingir com a implementação da atividade extensionista,1.0,"A seção avaliada descreve de forma clara e objetiva os resultados esperados com a implementação da atividade extensionista, alinhando-se perfeitamente ao critério atual. O objetivo principal da oficina é capacitar os participantes na elaboração de currículos e perfis no LinkedIn que destaquem suas habilidades e experiências de maneira clara e atraente para empregadores potenciais. A descrição é específica ao mencionar que a oficina será realizada em seis etapas, com uma carga horária total de 25 horas, abordando temas como estrutura, formatação, seleção de informações relevantes e uso de palavras-chave. Além disso, a seção destaca que o foco é fornecer ferramentas para desenvolver currículos impactantes, o que está diretamente relacionado ao aumento das chances de inserção no mercado de trabalho. A intenção de 'aumentar suas oportunidades de inserção no mercado de trabalho' é expressa de forma mensurável e realista, demonstrando o impacto positivo que a atividade terá nos participantes. Assim, a seção atende completamente ao critério atual, apresentando um propósito claro e relevante para a atividade de extensão."
217832,"Relevância acadêmica e social, assim como os resultados esperados",0.5,"A seção apresenta uma introdução relevante sobre a importância de um currículo eficaz no mercado de trabalho competitivo, destacando a necessidade de personalização para aumentar as chances de seleção para entrevistas. A citação de Ryan (2016) reforça a importância de estratégias específicas para a elaboração de currículos de sucesso. No entanto, a seção carece de uma conexão mais clara e direta com a formação acadêmica e o impacto social esperado, conforme exigido pelo critério atual. Não há menção explícita de como a atividade de extensão contribui para a formação acadêmica do estudante ou como ela se relaciona com os conteúdos teóricos e práticos do curso. Além disso, o impacto social esperado e os resultados específicos para os participantes e a comunidade não são descritos de forma clara e objetiva. Para atender completamente ao critério, seria necessário incluir detalhes sobre como a oficina de elaboração de currículos se alinha com a formação acadêmica, quais competências serão desenvolvidas e como isso beneficiará a comunidade, além de descrever os resultados esperados de forma mais específica e mensurável."
217832,Requisitos técnicos mínimos que o estudante deve ter para realizar a atividade de extensão,0.25,"A seção apresenta uma descrição muito básica dos requisitos técnicos mínimos necessários para a realização da atividade de extensão. Foram mencionados apenas conhecimentos em ferramentas de edição de texto e apresentação, o que é insuficiente para atender completamente ao critério atual. Embora essas competências sejam relevantes, a descrição carece de detalhes sobre outras competências técnicas, habilidades práticas, recursos materiais e quaisquer outros requisitos que possam ser essenciais para a execução eficaz da atividade. Por exemplo, seria importante especificar se há necessidade de habilidades em comunicação para facilitar workshops, ou se há necessidade de equipamentos específicos além de computadores, como projetores. Além disso, não foram mencionados aspectos relacionados à segurança ou ética, que também são importantes. Para atender completamente ao critério, seria necessário um detalhamento mais abrangente e específico, garantindo que todos os aspectos necessários para a realização da atividade sejam considerados e planejados."
217832,Atividades a serem desenvolvidas e os procedimentos a serem adotados para a execução,1.5,"A seção apresenta um plano claro e estruturado das atividades a serem desenvolvidas durante a oficina, atendendo completamente ao critério atual. As atividades são descritas de forma detalhada, começando com a orientação sobre a estrutura e os elementos essenciais de um currículo e perfil no LinkedIn, como informações pessoais, objetivo profissional, formação acadêmica, experiência de trabalho, habilidades relevantes e atividades extracurriculares. O facilitador fornecerá feedback personalizado, o que é uma excelente prática para garantir que os participantes possam adaptar seus currículos de acordo com as vagas desejadas. A metodologia inclui discussões sobre palavras-chave, formatação adequada e a importância da revisão gramatical, o que demonstra um cuidado com a qualidade do conteúdo apresentado. Além disso, a seção menciona a elaboração de materiais de apoio, como apresentações e modelos de currículos, e a preparação de um ambiente adequado para a realização da oficina, o que mostra uma preocupação com os recursos necessários para a execução das atividades. A inclusão de referências bibliográficas e sites para consulta adicional também enriquece o conteúdo, oferecendo aos participantes fontes confiáveis para aprofundar seus conhecimentos. Por fim, a seção destaca a importância de registrar a atividade por meio de fotografias, o que é uma boa prática para comprovar a realização da oficina. Em resumo, a seção é bem elaborada, coerente e alinhada com os objetivos propostos, demonstrando organização e clareza na execução da atividade de extensão."
217832,Características do público-alvo que será impactado na extensão,0.0,"A descrição das características do público-alvo é extremamente vaga e não atende ao critério de detalhamento necessário. A única informação fornecida é que a oficina é ideal para estudantes do Ensino Médio ou para a população em geral em busca de oportunidades de emprego. Não há menção ao perfil socioeconômico, escolaridade, faixa etária específica, distribuição de gênero, contexto cultural e social, ou necessidades específicas e vulnerabilidades do público-alvo. Esses elementos são cruciais para entender quem será beneficiado pela atividade de extensão e para adaptar as estratégias de acordo com as particularidades do grupo. A falta de detalhes impede uma compreensão clara do público-alvo e, consequentemente, compromete a eficácia do planejamento e execução da atividade de extensão. Recomenda-se uma pesquisa mais aprofundada para coletar dados relevantes sobre o público-alvo, utilizando visitas, entrevistas ou questionários, a fim de enriquecer a descrição e atender ao critério de forma adequada."
217832,Cronograma,0.25,"O cronograma apresentado contém uma lista de atividades planejadas para a execução da atividade de extensão, mas há algumas áreas que poderiam ser melhoradas para atender completamente ao critério atual. A lista de atividades está em ordem cronológica e inclui a carga horária prevista para cada etapa, o que é positivo. No entanto, a descrição das atividades poderia ser mais detalhada, especialmente em relação aos marcos importantes, como reuniões e entregas de materiais. Por exemplo, a etapa de 'Elaboração de material para oficina' é mencionada, mas não está claro se há revisões ou aprovações necessárias antes da divulgação. Além disso, a carga horária total de 25 horas está correta, mas a distribuição das horas poderia ser mais clara, talvez utilizando um formato de tabela mais organizado para facilitar a compreensão. A compatibilidade com o calendário acadêmico e a disponibilidade dos envolvidos não é explicitamente mencionada, o que poderia ser um ponto a ser melhorado. Em resumo, o cronograma atende parcialmente ao critério, mas poderia ser mais detalhado e organizado para proporcionar uma visão mais clara e completa das atividades planejadas."
217838,Evidências das atividades realizadas,5.0,"As evidências apresentadas nas imagens anexadas demonstram de forma clara e eficaz o desenvolvimento e a execução das atividades de extensão propostas. As fotografias mostram a interação ativa com a comunidade, evidenciando a prática e o ensino da Língua Brasileira de Sinais (Libras), conforme descrito no projeto. 

A imagem 1, que mostra duas pessoas interagindo em linguagem de sinais em um ambiente interno, e a imagem 2, onde uma pessoa está ensinando Libras para um grupo, são exemplos claros de atividades práticas de ensino e aprendizagem de Libras. Essas imagens corroboram a descrição do projeto, que visa proporcionar aos alunos da educação básica o contato com a Libras, promovendo comunicação e acessibilidade.

A imagem 3, com um grupo de pessoas alinhadas fazendo sinais, possivelmente participando de uma atividade em grupo, reforça a ideia de inclusão e prática coletiva, alinhando-se aos objetivos de promover a educação inclusiva e sensibilizar alunos ouvintes sobre a inclusão.

A imagem 4, que apresenta slides de uma apresentação abordando temas como 'Desafios e Barreiras', 'Tecnologia e Libras', 'Legislação e Direitos', e 'Educação Bilíngue', sugere que houve uma abordagem teórica e informativa, essencial para a compreensão e sensibilização sobre a importância da Libras e da inclusão.

Por fim, a imagem 5, com depoimentos escritos à mão por participantes, reflete sobre suas experiências com a atividade, indicando o impacto social e acadêmico das atividades realizadas. Esses depoimentos são uma prova concreta do engajamento e da relevância das atividades para os participantes, conforme esperado no projeto.

As imagens estão organizadas de forma lógica e cronológica, facilitando a compreensão do processo e demonstrando o impacto positivo gerado pelo projeto. A qualidade das imagens e a contextualização fornecida são adequadas e relevantes, atendendo completamente ao critério atual."
217838,O que se pretende atingir com a implementação da atividade extensionista,1.0,"O conteúdo apresentado descreve de forma clara e objetiva os resultados que se espera alcançar com a implementação da atividade extensionista. O projeto visa proporcionar aos alunos da educação básica o contato com a Língua Brasileira de Sinais (LIBRAS), promovendo comunicação e acessibilidade, o que está alinhado com as necessidades de inclusão identificadas na comunidade escolar. A intenção de 'apresentar a Língua Brasileira de Sinais é compartilhar saberes para que crianças e jovens com surdez possam se sentir acolhidos e parte do ambiente escolar' demonstra um objetivo específico e mensurável, que é a inclusão de alunos surdos e a sensibilização de alunos ouvintes. Além disso, o projeto reconhece a importância de 'conhecer a cultura surda e ampliar a interação e conhecimento sobre esta língua', o que reforça os benefícios educacionais e culturais da atividade. A mediação por acadêmicos com conhecimento em LIBRAS garante que as metas propostas são realistas e alcançáveis, evidenciando o impacto positivo que a atividade terá na comunidade envolvida. Assim, o conteúdo atende completamente ao critério atual, apresentando intenções claras e alinhadas com as necessidades da comunidade."
217838,"Relevância acadêmica e social, assim como os resultados esperados",1.0,"A seção avaliada aborda de maneira clara e objetiva a relevância acadêmica e social da atividade de extensão proposta, que é o ensino da Língua Brasileira de Sinais (LIBRAS). O texto destaca a importância da educação inclusiva no Brasil, enfatizando que a inclusão vai além de adaptar atividades, exigindo estratégias de ensino eficazes. A seção menciona que a LIBRAS é uma necessidade real nas escolas do país, permitindo que pessoas com deficiência se interessem pelo espaço escolar como um ambiente prazeroso e rico de potencialidades. Além disso, a citação de Lacerda, Caporali e Lodi (2004) reforça a ideia de que o contato com a LIBRAS pode proporcionar uma nova visão sobre o valor dessa língua, evidenciando a importância do ensino de uma nova língua para o desenvolvimento de potencialidades em pessoas com deficiência. O texto também faz conexões diretas entre a atividade proposta e a teoria estudada, ao mencionar que as práticas educacionais voltadas ao ensino de línguas desenvolveram técnicas para levar o aluno a aprender e interagir com o outro. Dessa forma, a seção atende completamente ao critério atual, apresentando a importância da atividade de extensão tanto no âmbito acadêmico quanto no social, e descrevendo os resultados esperados de forma clara e objetiva."
217838,Requisitos técnicos mínimos que o estudante deve ter para realizar a atividade de extensão,0.25,"A seção avaliada menciona que é exigido, pelo menos, conhecimento prévio da Língua Brasileira de Sinais (Libras) para a realização da atividade de extensão. No entanto, a descrição dos requisitos técnicos mínimos está bastante limitada e não atende completamente ao critério atual. Embora o conhecimento em Libras seja um aspecto crucial, a seção carece de uma descrição mais abrangente e detalhada das competências técnicas, habilidades práticas, recursos materiais e outros requisitos necessários para a execução eficaz da atividade de extensão. Por exemplo, seria importante especificar se há necessidade de habilidades em facilitação de workshops, experiência em comunicação interpessoal, ou acesso a equipamentos específicos como computadores ou materiais didáticos. Além disso, a seção não aborda outros requisitos que podem ser essenciais, como autorizações ou conhecimentos em segurança. Para atender completamente ao critério, seria necessário expandir a descrição para incluir todos esses aspectos, garantindo que o estudante esteja plenamente preparado para conduzir a atividade de extensão com sucesso."
217838,Atividades a serem desenvolvidas e os procedimentos a serem adotados para a execução,0.75,"A seção apresenta uma descrição das atividades a serem desenvolvidas e os procedimentos a serem adotados para a execução do projeto de extensão, mas de forma um tanto genérica e sem detalhamento suficiente. O texto menciona a necessidade de realizar um levantamento inicial para definir o perfil do público-alvo, que pode incluir ouvintes, surdos ou deficientes auditivos, e a possibilidade de execução do projeto de forma presencial ou virtual. No entanto, faltam detalhes específicos sobre como essas atividades serão conduzidas, quais métodos serão utilizados e quais recursos serão necessários. A menção ao uso de plataformas como Google Meet e Zoom é relevante, mas não há uma explicação clara sobre como essas ferramentas serão integradas ao projeto. Além disso, a seção não apresenta um cronograma ou sequência lógica das ações, o que dificulta a compreensão de como as atividades serão organizadas ao longo do tempo. A interação com a comunidade e a promoção da inclusão são mencionadas, mas sem um plano estruturado que demonstre como isso será alcançado. Por fim, a referência a anexos e normas de conduta sugere uma preocupação com a organização e o cumprimento de diretrizes, mas esses elementos não são detalhados no texto, o que limita a clareza e a eficácia da apresentação das atividades."
217838,Características do público-alvo que será impactado na extensão,0.0,"A descrição das características do público-alvo é extremamente limitada e não atende ao critério de detalhamento necessário. O texto apenas menciona que o público-alvo inclui 'pessoas ouvintes, deficientes auditivos e surdos', sem fornecer informações adicionais sobre o perfil socioeconômico, escolaridade, faixa etária, gênero, contexto cultural e social, ou necessidades específicas e vulnerabilidades. Para atender ao critério, seria necessário apresentar uma análise mais aprofundada, incluindo dados sobre a renda, condições de moradia, nível educacional, tradições culturais, e desafios enfrentados por esse grupo. Além disso, a descrição deveria explicar como essas características influenciam o planejamento e a execução da atividade de extensão. A falta de informações detalhadas impede uma compreensão clara de quem é o público-alvo e por que a atividade de extensão é importante para eles, o que é essencial para direcionar as ações de forma eficaz e adaptar as estratégias às particularidades do grupo."
217838,Cronograma,0.5,"O cronograma apresentado está bem estruturado e atende completamente ao critério atual. As atividades estão listadas em ordem cronológica, com a carga horária prevista para cada etapa claramente indicada. Por exemplo, a definição do local e a conversa com os envolvidos estão alocadas para 1 hora, enquanto a preparação do local e a orientação sobre materiais também estão previstas para 1 hora. O encontro principal, que envolve a seleção de palavras e a orientação sobre Libras, está adequadamente alocado para 14 horas, refletindo a importância e a complexidade dessa etapa. Além disso, o cronograma inclui marcos importantes, como a coleta de depoimentos e a elaboração de um relatório final, que são essenciais para a avaliação e documentação do projeto. A carga horária total de 20 horas está corretamente calculada e distribuída ao longo das datas especificadas, de 06/05/2024 a 15/05/2024, garantindo compatibilidade com o calendário acadêmico. O formato utilizado é claro e de fácil compreensão, facilitando o acompanhamento e a execução das atividades planejadas."
217818,Evidências das atividades realizadas,2.5,"A imagem anexada mostra um grupo de pessoas participando de uma reunião ou oficina, o que pode ser uma evidência de uma atividade extensionista voltada para a preparação de jovens para o mercado de trabalho. A presença de materiais de escrita e uma apresentação projetada sugere que estão sendo discutidos tópicos ou habilidades relevantes, alinhados com o objetivo de preparar os participantes para o mercado de trabalho. No entanto, a imagem por si só não fornece detalhes específicos sobre o conteúdo abordado ou se está diretamente relacionada ao projeto mencionado. A descrição da imagem não contextualiza adequadamente a atividade dentro do projeto, como solicitado no critério atual, que requer uma organização lógica e cronológica das imagens, além de descrições que expliquem onde e quando foram tiradas e o que representam. Portanto, a evidência apresentada atende parcialmente ao critério, pois, embora mostre uma atividade que pode estar relacionada ao projeto, falta clareza e detalhamento na descrição para comprovar efetivamente o desenvolvimento e a execução das atividades de extensão propostas."
217818,O que se pretende atingir com a implementação da atividade extensionista,1.0,"A seção avaliada descreve de forma clara e objetiva os resultados esperados com a implementação da atividade extensionista, alinhando-se bem ao critério atual. O texto utiliza verbos no infinitivo, como 'estimular', 'fornecer' e 'capacitar', para expressar as intenções da oficina, o que está de acordo com as orientações do critério. A descrição é específica ao mencionar que a oficina será dividida em seis etapas, com uma carga horária total de 25 horas, e que abordará temas como habilidades necessárias, tipos de contratos de trabalho e dicas para processos seletivos. Além disso, a seção destaca que o objetivo é proporcionar aos jovens uma visão abrangente e atualizada do mercado de trabalho, capacitando-os para tomar decisões informadas sobre suas carreiras. As metas são realistas e mensuráveis, como o aumento das chances de sucesso dos participantes na busca por oportunidades profissionais, o que demonstra o propósito e a relevância da atividade de extensão. Assim, a seção atende completamente ao critério atual, apresentando um plano bem estruturado e com potencial impacto positivo na comunidade envolvida."
217818,"Relevância acadêmica e social, assim como os resultados esperados",1.0,"A seção avaliada apresenta de forma clara e objetiva a relevância acadêmica e social da atividade de extensão proposta, alinhando-se perfeitamente ao critério atual. O texto inicia com uma fundamentação teórica, citando Dubar (2001) e Alves (2008), que contextualiza o problema da transição dos jovens para o mercado de trabalho, destacando a importância sociológica do tema. A menção à estatística do IBGE sobre a taxa de desemprego entre jovens de 18 a 24 anos reforça a relevância social da oficina, evidenciando a necessidade de intervenções como a proposta. 

A descrição dos benefícios esperados para os participantes é detalhada e coerente, mencionando a capacitação para enfrentar desafios, a preparação adequada, a redução da ansiedade, o aumento da autoconfiança, e a orientação profissional. Esses aspectos são diretamente relacionados à melhoria da qualidade de vida dos jovens e ao seu sucesso profissional a longo prazo, demonstrando um impacto social significativo. 

Além disso, a seção faz conexões diretas entre a atividade proposta e a formação acadêmica, ao mencionar que a oficina oferece recursos e conhecimentos necessários para a transição ao mercado de trabalho, o que é relevante para a formação prática dos estudantes envolvidos. A linguagem utilizada é clara e objetiva, cumprindo todos os requisitos do critério atual e evidenciando a importância da atividade tanto para os estudantes quanto para a comunidade envolvida."
217818,Requisitos técnicos mínimos que o estudante deve ter para realizar a atividade de extensão,0.25,"A seção apresenta uma descrição muito básica dos requisitos técnicos mínimos necessários para a realização da atividade de extensão. Apenas menciona a necessidade de conhecimento em ferramentas de edição de texto e apresentação, o que é insuficiente para atender completamente ao critério atual. Não há menção a competências técnicas específicas da área de estudo, como domínio de software ou habilidades em pesquisa, que poderiam ser relevantes para a atividade proposta. Além disso, faltam detalhes sobre habilidades práticas, como experiência em facilitação de workshops ou habilidades de comunicação, que seriam importantes para a execução eficaz da oficina. Também não são listados recursos materiais específicos, como computadores ou projetores, que são essenciais para a realização das atividades planejadas. A seção poderia ser melhorada com uma descrição mais detalhada e abrangente dos conhecimentos, habilidades e recursos necessários, garantindo que todos os aspectos técnicos e práticos sejam considerados para o sucesso da atividade de extensão."
217818,Atividades a serem desenvolvidas e os procedimentos a serem adotados para a execução,0.75,"A seção apresenta uma descrição das atividades a serem desenvolvidas para atingir os objetivos da atividade de extensão, mas há espaço para melhorias em termos de detalhamento e clareza. A elaboração de uma apresentação sobre o jovem no mercado de trabalho é mencionada, com a sugestão de utilizar fontes como livros e sites específicos, o que é positivo, pois demonstra uma preocupação com a fundamentação teórica. No entanto, a descrição poderia ser mais específica sobre como o conteúdo será estruturado e quais tópicos serão abordados na apresentação. 

A escolha de um local adequado para a oficina é mencionada, mas faltam detalhes sobre os critérios para essa escolha e como isso será feito. A criação de um folder para divulgação é uma boa estratégia, mas a seção poderia incluir mais informações sobre o design e os canais de distribuição. A provisão de equipamentos como computador e datashow é citada, mas seria útil especificar como esses recursos serão obtidos e geridos. 

O desenvolvimento de material de apoio para entrevistas de emprego é uma atividade relevante, mas a seção não detalha o conteúdo desse material ou como ele será distribuído aos participantes. A comprovação da atividade por meio de registro fotográfico é mencionada, mas seria importante explicar como essas fotos serão organizadas e apresentadas no relatório. 

Em resumo, a seção atende parcialmente ao critério atual, pois apresenta um plano básico das atividades, mas carece de um detalhamento mais robusto dos procedimentos, metodologias e recursos necessários para a execução das atividades. A inclusão de um cronograma ou sequência lógica das ações também seria benéfica para demonstrar uma organização mais clara."
217818,Características do público-alvo que será impactado na extensão,0.0,"A descrição das características do público-alvo é extremamente vaga e insuficiente para atender ao critério atual. O texto apenas menciona que o público-alvo são estudantes do Ensino Médio ou a população em geral em busca de oportunidades de emprego, sem fornecer detalhes adicionais. Não há informações sobre o perfil socioeconômico, escolaridade, faixa etária, gênero, contexto cultural e social, ou necessidades específicas e vulnerabilidades do grupo. Esses elementos são essenciais para compreender quem é o público-alvo e como a atividade de extensão pode ser adaptada para atender suas necessidades. A falta de detalhes impede uma compreensão clara e direcionada das ações, o que é crucial para o planejamento e execução eficaz da atividade de extensão. Recomenda-se uma pesquisa mais aprofundada sobre o público-alvo, utilizando dados de visitas, entrevistas ou questionários, para enriquecer a descrição e torná-la mais alinhada com os objetivos do projeto."
217818,Cronograma,0.25,"O cronograma apresentado contém algumas informações relevantes, mas carece de detalhes e organização que poderiam melhorar sua clareza e eficácia. A lista de atividades está presente, mas a distribuição das horas e a descrição das etapas não estão completamente alinhadas com as orientações fornecidas. Por exemplo, a atividade de 'Elaboração de material para oficina' está prevista para 12 horas, mas não está claro se essa carga horária está distribuída ao longo de vários dias ou concentrada em um único dia, o que poderia ser melhor especificado para facilitar o entendimento e planejamento. Além disso, a atividade de 'Organização do evento' está listada com 3 horas, mas no cronograma aparece com 2 horas, o que gera inconsistência. A carga horária total de 25 horas está correta, mas a soma das horas listadas no cronograma não coincide com a carga horária total mencionada, o que pode causar confusão. A inclusão de marcos importantes, como reuniões e entregas de materiais, está ausente, o que poderia enriquecer o cronograma e torná-lo mais robusto. A apresentação do cronograma em um formato mais claro, como uma tabela bem estruturada, poderia facilitar a compreensão e visualização das etapas e suas respectivas cargas horárias. Por fim, a assinatura do responsável está presente, mas a seção poderia ser mais detalhada para garantir que todos os aspectos do projeto sejam devidamente acompanhados e registrados."
217848,Alternativa a,3.333333333333333,"O conteúdo apresentado atende completamente ao critério atual, demonstrando uma compreensão clara e precisa dos métodos de avaliação das variáveis fisiológicas em um contexto de treinamento físico. A descrição dos métodos é detalhada e segue exatamente o padrão de resposta esperado. Para a avaliação da frequência cardíaca de repouso, foi mencionado o uso de um cardiômetro após o cliente permanecer deitado e imóvel por 5 minutos, o que é um método eficaz e amplamente aceito. Para o consumo máximo de oxigênio, o teste de Cooper foi corretamente identificado como um método prático e confiável, envolvendo uma caminhada ou corrida de 12 minutos. Por fim, a composição corporal foi avaliada utilizando o protocolo de Jackson e Pollock, que é um método reconhecido e confiável para estimar o percentual de gordura corporal através de sete dobras cutâneas. A clareza e a precisão na apresentação dos métodos demonstram um alinhamento completo com os objetivos do critério, garantindo uma nota máxima."
217848,Alternativa b,3.333333333333333,"O conteúdo apresentado atende completamente ao critério atual, que é descrever as alterações fisiológicas esperadas após um treinamento aeróbico consistente. A seção aborda de forma clara e coerente as mudanças nas variáveis fisiológicas monitoradas, alinhando-se aos objetivos do critério. 

Primeiramente, a redução da frequência cardíaca de repouso é mencionada, destacando o aumento do tônus parassimpático e a diminuição do tônus simpático, o que indica um coração mais eficiente. Essa explicação está em conformidade com o padrão de resposta esperado, que sugere uma redução de 85 bpm para 70 bpm, demonstrando uma compreensão clara do impacto do treinamento aeróbico sobre a eficiência cardíaca.

Em relação ao consumo máximo de oxigênio, o texto menciona o aumento da capacidade de captação e utilização de oxigênio, o que permite maior conforto e desempenho em atividades físicas. Isso está alinhado com o exemplo de resposta esperado, que indica um aumento de 28 mL/(kg.min) para 35 mL/(kg.min), refletindo uma melhor capacidade aeróbica e eficiência no uso de oxigênio.

Por último, a seção aborda a composição corporal, mencionando a redução do percentual de gordura corporal, que pode ser acompanhada pela perda de peso e aumento da massa muscular. Essa descrição está de acordo com o padrão de resposta esperado, que sugere uma redução do percentual de gordura de 28% para 23% e a perda de 9 kg, indicando uma melhoria na composição corporal e saúde geral.

Portanto, o conteúdo da seção é relevante, claro e coerente, apresentando bons argumentos e evidências que demonstram uma compreensão adequada das alterações fisiológicas esperadas após o treinamento aeróbico, atendendo completamente ao critério atual."
217848,Alternativa c,3.333333333333333,"O conteúdo apresentado atende completamente ao critério atual, refletindo de forma clara e coerente sobre a importância das adaptações fisiológicas para a saúde do indivíduo. A seção destaca que 'essas adaptações promovem maior eficiência cardiovascular e respiratória, reduzindo o risco de doenças cardíacas e inflamações crônicas', o que está alinhado com o padrão de resposta esperado. Além disso, menciona que 'o aumento do consumo de oxigênio e a redução do percentual de gordura resultam em melhor performance física, autoestima e menor risco de doenças relacionadas ao sedentarismo', reforçando a relevância do treinamento aeróbico para a saúde geral. A argumentação é consistente e bem fundamentada, abordando os principais aspectos das adaptações fisiológicas esperadas após um programa de treinamento aeróbico, conforme descrito no critério atual. A clareza e a coerência do texto, juntamente com a relevância dos argumentos apresentados, justificam a nota máxima."
217849,Alternativa a,1.6666666666666667,"A análise crítica dos sistemas econômicos apresentada aborda de forma geral os pontos básicos, como as vantagens e desvantagens do capitalismo, socialismo e sistema misto, e menciona a necessidade de avaliar como cada sistema lida com a distribuição de riqueza e a igualdade social. No entanto, a seção carece de uma análise mais aprofundada e detalhada, conforme esperado pelo critério atual. 

O texto poderia ter explorado mais as características fundamentais de cada sistema, como a propriedade privada e a busca pelo lucro no capitalismo, a propriedade coletiva e o planejamento estatal no socialismo, e a combinação de elementos de ambos no sistema misto. Além disso, faltou uma discussão sobre como cada sistema influencia a distribuição de recursos, as oportunidades de progresso e as desigualdades sociais resultantes, que são aspectos cruciais para uma análise crítica completa.

Embora a seção mencione a necessidade de observar vantagens e desvantagens, não há exemplos específicos ou uma discussão sobre como esses sistemas se manifestam em contextos históricos ou culturais diferentes, o que teria enriquecido a análise. A inclusão de exemplos concretos, como a eficiência econômica e inovação no capitalismo ou a igualdade social no socialismo, teria proporcionado uma compreensão mais clara das implicações de cada sistema.

Portanto, a seção atende parcialmente ao critério atual, mas poderia ser melhorada com uma análise mais detalhada e exemplos específicos que ilustrem as diferenças sociais e econômicas entre os sistemas."
217849,Alternativa b,0.0,"A seção apresenta uma descrição muito breve e genérica sobre a avaliação de impacto social dos sistemas econômicos, sem aprofundar nos aspectos específicos que deveriam ser considerados. O texto menciona apenas que podem ser identificadas mudanças na qualidade de vida e no acesso a recursos essenciais, como educação e saúde, mas não explora como cada sistema econômico (capitalismo, socialismo e misto) afeta esses aspectos de maneira distinta. Não há análise dos impactos sociais positivos e negativos de cada sistema em relação à igualdade e à justiça social, conforme esperado. Além disso, não são discutidas questões como a mobilidade social, a desigualdade de renda e as oportunidades para grupos marginalizados, que são elementos cruciais para uma avaliação de impacto social abrangente. A falta de detalhes e de uma análise crítica impede que a seção atenda ao critério atual de forma satisfatória."
217849,Alternativa c,0.0,"A seção destinada à tomada de decisão apresenta um conteúdo muito limitado e não atende ao critério atual de forma adequada. O texto apenas menciona que seria útil considerar qual sistema oferece melhores resultados em termos de justiça social e desenvolvimento econômico, sem fornecer uma análise detalhada ou argumentos consistentes que justifiquem a escolha de um sistema econômico para Pacifica. Não há menção às características específicas do capitalismo, socialismo ou sistema misto, nem uma avaliação dos impactos sociais e das diferenças sociais resultantes de cada sistema, conforme esperado. Além disso, a seção não apresenta exemplos ou justificativas que demonstrem uma compreensão profunda dos fundamentos dos sistemas econômicos e de como eles podem ser aplicados para promover uma sociedade mais igualitária e justa. Para atender completamente ao critério, seria necessário incluir uma análise abrangente e bem fundamentada, com argumentos claros e exemplos concretos que sustentem a decisão proposta."
217850,Desafio,5.0,"A seção apresenta uma tentativa de seleção de indicadores de pH para a determinação de hidróxidos, carbonatos e bicarbonatos, mas há algumas inconsistências em relação ao critério atual. Para hidróxidos, a escolha da fenolftaleína é adequada, pois sua faixa de viragem (8,3 a 10,0) é apropriada para detectar hidróxidos em pH básico elevado, conforme esperado. No entanto, para carbonatos, a escolha do alaranjado de metila (faixa de viragem pH 3,1 a 4,4) não é apropriada, pois essa faixa é mais adequada para detectar bicarbonatos em pH ácido, e não para a conversão de carbonatos em bicarbonatos, que ocorre em pH mais elevado. O critério atual sugere que a fenolftaleína também seria adequada para carbonatos, pois a faixa de pH relevante para carbonatos é entre 8,3 e 9,4. Para bicarbonatos, a escolha do vermelho de metila (faixa de viragem pH 4,4 a 6,2) é parcialmente correta, mas a faixa de pH para bicarbonatos, segundo o critério, é entre 4,4 e 8,3, o que sugere que outros indicadores, como o verde de bromocresol, poderiam ser considerados. Portanto, a seção atende parcialmente ao critério atual, apresentando clareza na escolha para hidróxidos, mas falhando na seleção correta para carbonatos e bicarbonatos."
217851,Alternativa a,1.6666666666666667,"A seção apresenta uma abordagem parcial para a avaliação das variáveis fisiológicas mencionadas. Para a frequência cardíaca de repouso, a descrição 'medir a frequência cardíaca após o indivíduo permanecer em repouso por alguns minutos, usando um monitor cardíaco ou palpação' está alinhada com o critério de utilizar um monitor cardíaco, mas falta a especificidade de que o cliente deve permanecer deitado e imóvel por 5 minutos, conforme o padrão de resposta esperado. 

Para o consumo máximo de oxigênio (VO₂ máx), a seção menciona 'realizar um teste de esforço incremental em esteira ou bicicleta ergométrica', o que é uma abordagem válida, mas não corresponde ao exemplo específico do teste de Cooper, que é um método prático e amplamente utilizado para estimar o VO₂ máximo. 

Por fim, a avaliação da composição corporal é descrita como 'utilizar o método de dobras cutâneas com adipômetro para estimar o percentual de gordura', o que está em linha com o uso de dobras cutâneas, mas não especifica o protocolo de Jackson e Pollock, que utiliza sete dobras cutâneas, conforme o padrão de resposta esperado. 

Portanto, a seção atende parcialmente ao critério atual, pois apresenta métodos relevantes, mas carece de detalhes específicos que foram destacados no padrão de resposta esperado."
217851,Alternativa b,1.6666666666666667,"O conteúdo apresentado aborda de forma geral as alterações fisiológicas esperadas após a prática consistente de atividade física aeróbica, mas não fornece detalhes suficientes para atender completamente ao critério atual. A resposta menciona a diminuição da frequência cardíaca de repouso, o aumento do consumo máximo de oxigênio e a redução do percentual de gordura, o que está alinhado com as expectativas gerais de adaptações ao treinamento aeróbico. No entanto, faltam dados quantitativos específicos que exemplifiquem essas mudanças, como a redução de 85 bpm para 70 bpm na frequência cardíaca de repouso, o aumento do consumo máximo de oxigênio de 28 mL/(kg.min) para 35 mL/(kg.min), e a redução do percentual de gordura de 28% para 23%, conforme o padrão de resposta esperado. Além disso, a menção ao 'possível aumento da massa magra' é vaga e não está diretamente relacionada ao critério atual, que foca na redução do percentual de gordura. Para uma nota máxima, seria necessário incluir esses detalhes específicos e quantitativos, demonstrando uma compreensão mais profunda e precisa das alterações fisiológicas esperadas."
217851,Alternativa c,1.6666666666666667,"A resposta apresentada aborda de forma geral a importância das adaptações fisiológicas decorrentes do treinamento aeróbico, destacando a redução dos riscos de doenças cardiovasculares, a melhoria da aptidão física geral e a promoção de uma melhor qualidade de vida para o indivíduo obeso. No entanto, a reflexão poderia ser mais detalhada e específica, alinhando-se mais estreitamente ao padrão de resposta esperado. Por exemplo, seria relevante mencionar como a redução da frequência cardíaca de repouso indica um coração mais eficiente, devido ao aumento do tônus parassimpático e à diminuição do tônus simpático. Além disso, a resposta poderia incluir como o aumento do consumo máximo de oxigênio permite realizar atividades físicas com maior conforto e intensidade, e como a redução do percentual de gordura corporal diminui o risco de doenças cardiovasculares e melhora a autoestima. A inclusão desses detalhes tornaria a reflexão mais completa e alinhada aos objetivos do critério atual."
217852,Alternativa a,0.0,"O conteúdo apresentado não atende ao critério atual de forma adequada. A resposta esperada deveria incluir métodos específicos e cientificamente reconhecidos para a avaliação das variáveis fisiológicas mencionadas. No entanto, a seção apenas menciona 'contar os batimentos' para verificar a frequência cardíaca e 'ver como a pessoa respira' para o consumo de oxigênio, o que é insuficiente e impreciso. Para a frequência cardíaca de repouso, o método adequado seria o uso de um cardiômetro após o cliente permanecer deitado e imóvel por 5 minutos. Para o consumo máximo de oxigênio, o teste de Cooper, que envolve uma caminhada ou corrida de 12 minutos, é o método recomendado. A resposta não menciona qualquer método para a avaliação da composição corporal, como o protocolo de Jackson e Pollock, que é essencial para uma análise completa. A falta de detalhes e precisão nos métodos apresentados demonstra uma compreensão inadequada das práticas necessárias para monitorar as adaptações ao treinamento aeróbico, resultando em uma nota de 0."
217852,Alternativa b,0.0,"O conteúdo apresentado é extremamente vago e não atende ao critério atual de forma satisfatória. A seção deveria detalhar as alterações fisiológicas esperadas após a prática consistente de atividade física aeróbica, conforme o cenário apresentado. No entanto, a única informação fornecida é que 'a frequência cardíaca muda e a composição corporal também', o que é insuficiente para demonstrar compreensão das mudanças específicas que ocorrem nas variáveis monitoradas. Não há menção a dados específicos, como a redução da frequência cardíaca de repouso de 85 bpm para 70 bpm, o aumento do consumo máximo de oxigênio de 28 mL/(kg.min) para 35 mL/(kg.min), ou a redução do percentual de gordura de 28% para 23% com perda de 9 kg, que são exemplos claros de alterações fisiológicas esperadas. A falta de detalhes e especificidade impede a atribuição de uma nota positiva, pois não há evidência de que o conteúdo se alinha aos objetivos do critério atual."
217852,Alternativa c,0.0,"O conteúdo apresentado é extremamente vago e não atende ao critério atual de forma adequada. A reflexão sobre a importância das adaptações fisiológicas para a saúde do indivíduo, conforme solicitado, deveria incluir uma análise detalhada das mudanças específicas nas variáveis fisiológicas monitoradas, como a frequência cardíaca de repouso, o consumo máximo de oxigênio e a composição corporal. No entanto, a única afirmação feita é que 'exercício faz bem', o que é uma generalização sem qualquer aprofundamento ou evidência. Não há menção às adaptações específicas que ocorrem com o treinamento aeróbico, como o aumento do tônus parassimpático, a diminuição do tônus simpático, ou a redução do percentual de gordura, que são aspectos cruciais para entender os benefícios do exercício para a saúde. Além disso, não foram discutidos os impactos dessas adaptações na prevenção de doenças, no aumento do conforto durante a prática de atividades físicas, ou na melhoria da autoestima, conforme exemplificado no padrão de resposta esperado. Para atender completamente ao critério, seria necessário explorar como essas adaptações contribuem para a saúde geral e o bem-estar do indivíduo, utilizando dados e argumentos claros e coerentes."
217853,Alternativa a,1.6666666666666667,"A análise crítica dos sistemas apresentada aborda de forma geral as características fundamentais do capitalismo, socialismo e sistema misto, mas carece de profundidade e exemplos concretos que poderiam enriquecer a discussão. No trecho sobre o capitalismo, menciona-se que a propriedade privada e a busca pelo lucro podem levar a desigualdades sociais, mas também promover eficiência econômica. No entanto, faltam detalhes sobre como essas desigualdades se manifestam e quais são os mecanismos que promovem a eficiência econômica. A análise do socialismo destaca a busca pela igualdade social através da propriedade coletiva, mas não explora suficientemente os desafios de eficiência e inovação que podem surgir, nem fornece exemplos de como esses desafios se manifestam na prática. Quanto ao sistema misto, a seção menciona a combinação de elementos capitalistas e socialistas para equilibrar crescimento econômico com justiça social, mas não aprofunda como esse equilíbrio é alcançado ou quais são os exemplos de sucesso ou fracasso desse sistema. A análise poderia ser fortalecida com uma discussão mais detalhada sobre como cada sistema influencia a distribuição de recursos, as oportunidades de progresso e as desigualdades sociais resultantes, conforme esperado no critério atual. A inclusão de exemplos concretos e uma análise mais detalhada dos impactos sociais de cada sistema enriqueceriam a seção e a tornariam mais alinhada com o padrão de resposta esperado."
217853,Alternativa b,1.6666666666666667,"A seção sobre a avaliação de impacto social apresenta uma análise parcial dos sistemas econômicos em relação à distribuição de renda e ao acesso a serviços básicos como saúde e educação. O texto menciona a necessidade de examinar como cada sistema afeta a qualidade de vida e as oportunidades para grupos menos favorecidos, o que está alinhado com o critério de avaliação de impacto social. No entanto, a análise carece de profundidade e exemplos específicos que ilustrem os impactos positivos e negativos de cada sistema econômico em relação à igualdade e à justiça social em Pacífica. 

Por exemplo, seria importante discutir como o capitalismo pode levar a uma alta qualidade de vida para alguns, mas também resultar em desigualdade no acesso a serviços básicos, afetando a mobilidade social. Da mesma forma, o socialismo poderia ser analisado em termos de como promove a equidade no acesso a serviços, mas pode enfrentar desafios em termos de qualidade e escolha individual. O sistema misto, por sua vez, poderia ser explorado como uma tentativa de equilibrar eficiência econômica com justiça social, oferecendo um meio-termo entre os dois extremos. 

A seção poderia ser enriquecida com dados ou exemplos concretos que demonstrem como cada sistema trata questões de pobreza, desigualdade de renda e oportunidades para grupos marginalizados. A inclusão de tais elementos tornaria a análise mais robusta e alinhada com o padrão de resposta esperado, que requer uma consideração abrangente dos impactos sociais de cada sistema econômico."
217853,Alternativa c,1.6666666666666667,"A seção de tomada de decisão sugere que o sistema misto pode ser o mais adequado para Pacífica, justificando que essa escolha busca equilibrar a eficiência do mercado com políticas que promovem igualdade e justiça social. No entanto, a análise apresentada é bastante superficial e carece de uma justificativa mais robusta e detalhada. Embora a escolha do sistema misto seja mencionada, não há uma discussão aprofundada sobre como exatamente esse sistema pode equilibrar os aspectos do capitalismo e do socialismo para atender às necessidades específicas de Pacífica. 

A seção não explora suficientemente os impactos sociais, as diferenças sociais resultantes e os objetivos de igualdade e justiça que são fundamentais para a decisão. Não há menção a dados ou evidências que sustentem a escolha do sistema misto, nem uma análise comparativa com os outros sistemas econômicos. A falta de argumentos consistentes e embasados em evidências limita a compreensão de por que o sistema misto seria a melhor opção para promover uma sociedade mais igualitária e justa em Pacífica. 

Para atender completamente ao critério, seria necessário incluir uma análise mais detalhada dos impactos sociais de cada sistema, discutir as diferenças sociais que cada um pode gerar e apresentar argumentos claros e baseados em evidências que justifiquem a escolha do sistema misto. Além disso, seria importante considerar as particularidades do contexto social e econômico de Pacífica para embasar a decisão de forma mais sólida."
217854,Alternativa a,3.333333333333333,"A análise crítica dos sistemas econômicos apresentada está bem alinhada com o que se espera para o critério atual. O texto aborda de forma clara e coerente as características fundamentais do capitalismo, socialismo e sistema misto, destacando suas implicações sociais e econômicas. 

No trecho sobre o capitalismo, é mencionado que 'o capitalismo promove a propriedade privada dos meios de produção e a competição de mercado', o que está em conformidade com a descrição esperada. A análise também reconhece que, embora o capitalismo estimule a inovação e o crescimento econômico, ele 'frequentemente resulta em desigualdades sociais significativas', o que é um ponto crucial na avaliação das diferenças sociais entre os sistemas.

A seção sobre o socialismo também está bem desenvolvida, ao afirmar que 'o socialismo busca a propriedade coletiva ou estatal dos meios de produção, visando à igualdade social e à distribuição equitativa de recursos'. A menção aos desafios de eficiência econômica e à falta de incentivos para a inovação reflete uma compreensão equilibrada dos pontos fortes e fracos do socialismo.

Por fim, a análise do sistema misto é precisa ao descrever que 'o sistema misto combina aspectos do capitalismo e do socialismo', permitindo um equilíbrio entre eficiência de mercado e políticas redistributivas. Essa abordagem é apresentada como um meio-termo que pode reduzir desigualdades sociais, o que está de acordo com o padrão de resposta esperado.

No geral, a seção demonstra uma compreensão sólida dos sistemas econômicos e suas implicações, atendendo completamente ao critério atual com clareza e relevância."
217854,Alternativa b,3.333333333333333,"A seção de avaliação de impacto social está bem elaborada e atende completamente ao critério atual. O texto apresenta uma análise clara e coerente dos impactos sociais dos três sistemas econômicos, destacando tanto os aspectos positivos quanto os negativos de cada um. No caso do capitalismo, é mencionado que 'pode levar ao aumento da desigualdade de renda, onde os ricos ficam mais ricos e os pobres têm acesso limitado a serviços básicos', o que está alinhado com a expectativa de que o sistema pode exacerbar desigualdades sociais. A análise do socialismo é igualmente precisa, ao afirmar que 'tende a melhorar a distribuição de renda e garantir acesso universal a serviços básicos', mas também reconhece os desafios de 'possível ineficiência econômica'. Por fim, a descrição do sistema misto como uma tentativa de 'oferecer o melhor dos dois mundos' e 'promover crescimento econômico enquanto implementa políticas sociais para reduzir desigualdades' demonstra uma compreensão aprofundada de como esse sistema pode equilibrar eficiência e justiça social. A seção é relevante ao tema da disciplina, apresenta clareza e coerência, e está bem fundamentada com argumentos que refletem os objetivos do critério atual."
217854,Alternativa c,3.333333333333333,"A seção de tomada de decisão está bem elaborada e atende completamente ao critério atual. A recomendação de adotar um sistema econômico misto em Pacífica é justificada de forma clara e consistente, destacando a necessidade de equilibrar o crescimento econômico com a justiça social. O texto menciona que o sistema misto permite que o país se beneficie da eficiência e inovação do mercado livre, enquanto implementa políticas governamentais para redistribuição de renda e provisão de serviços básicos. Essa abordagem é apresentada como uma forma de reduzir as desigualdades sociais, melhorar a qualidade de vida e promover a igualdade de oportunidades, o que está alinhado com os objetivos de uma sociedade mais justa e igualitária. A argumentação é sólida e bem fundamentada, combinando os pontos fortes do capitalismo e do socialismo, o que demonstra uma compreensão profunda dos sistemas econômicos e seus impactos sociais. A decisão é embasada nos impactos sociais e nas diferenças sociais resultantes, conforme esperado, e está em consonância com os objetivos de igualdade e justiça social buscados pela comissão governamental."
217855,Desafio,10.0,"A seção apresenta uma descrição clara e detalhada sobre a determinação da alcalinidade em termos de hidróxidos, carbonatos e bicarbonatos, utilizando indicadores de pH adequados. A escolha dos indicadores é bem fundamentada, com base nas faixas de pH em que cada espécie é predominante. 

Para a determinação de hidróxidos e carbonatos, a fenolftaleína é corretamente identificada como o indicador ideal, com sua faixa de viragem de 8,2 a 10,0, o que é consistente com a predominância de hidróxidos em pH > 9,4 e carbonatos entre pH 8,3 e 10,0. A explicação sobre a mudança de cor da fenolftaleína, de incolor para rosa, é clara e demonstra compreensão do processo de titulação, indicando o ponto final correspondente à neutralização dos OH⁻ e CO₃²⁻.

Na segunda etapa, para a determinação de bicarbonatos, a escolha do Vermelho de Metila é justificada pela sua faixa de viragem de 4,4 a 6,2, que se alinha com a predominância dos bicarbonatos na faixa de pH 4,4 a 8,3. A descrição da mudança de cor de amarelo para vermelho é precisa e indica o ponto final da titulação para os bicarbonatos remanescentes.

A conclusão resume de forma eficaz as etapas da titulação e a escolha dos indicadores, reforçando a precisão na determinação das diferentes formas de alcalinidade na água. A seção é coerente com os objetivos de aprendizagem e demonstra uma compreensão sólida do equilíbrio químico e da aplicação prática da técnica de titulação ácido-base."
217856,Desafio,0.0,"A resposta apresentada está completamente inadequada e falha em atender ao critério atual. O texto 'Eu usaria qualquer indicador para determinar hidróxidos, carbonatos e bicarbonatos.' demonstra uma falta de compreensão sobre a importância da escolha correta de indicadores de pH para a determinação de diferentes espécies químicas em uma titulação ácido-base. O critério atual exige uma análise cuidadosa das faixas de pH e a seleção de indicadores específicos para cada tipo de íon: hidróxidos, carbonatos e bicarbonatos. A resposta esperada deveria incluir a escolha de indicadores como a fenolftaleína para hidróxidos e carbonatos, e o metilorange ou vermelho de metila para bicarbonatos, conforme as faixas de pH adequadas. A resposta não apresenta clareza, coerência ou qualquer justificativa baseada em dados ou evidências, o que resulta em uma nota zero."
